{
  "label": "RSI + TMA(RSI) + EMA TREND",
  "n_trades": 71,
  "initial_capital": 10000.0,
  "final_capital": 10546.38062935285,
  "gross_profit_usd": 1090.5691872042921,
  "fee_total_usd": 544.1885578514415,
  "fee_total_pct": 5.441885578514414,
  "slippage_total_usd": 0.0,
  "net_profit_usd": 546.3806293528505,
  "net_return_pct": 5.463806293528495,
  "winrate_pct": 23.943661971830984,
  "profit_factor": 1.1622064226459194,
  "avg_pnl": 7.69550182187127,
  "avg_ret_pct": 0.0841520255778562,
  "avg_winner_usd": 230.282850951836,
  "avg_loser_usd": -62.37829327459911,
  "expectancy_usd": 7.695501821871268,
  "median_ret_pct": -0.5671519900497302,
  "longest_losing_streak": 12,
  "exposure_pct": 5.249151142516289,
  "max_drawdown_pct": -14.43182838264846,
  "cagr_pct": 4.369270547189719,
  "period_start": 