{
  "label": "RSI + TMA(RSI) + EMA TREND",
  "n_trades": 121,
  "initial_capital": 10000.0,
  "final_capital": 7834.022310962374,
  "gross_profit_usd": -659.7723687505918,
  "fee_total_usd": 1506.2053202870343,
  "fee_total_pct": 15.062053202870343,
  "slippage_total_usd": 0.0,
  "net_profit_usd": -2165.977689037626,
  "net_return_pct": -21.659776890376257,
  "winrate_pct": 42.97520661157025,
  "profit_factor": 0.5226214549575469,
  "avg_pnl": -17.90064205816223,
  "avg_ret_pct": -0.1991619517083689,
  "avg_winner_usd": 45.60106371179244,
  "avg_loser_usd": -65.75700002972228,
  "expectancy_usd": -17.900642058162234,
  "median_ret_pct": -0.6367671641790973,
  "longest_losing_streak": 9,
  "exposure_pct": 4.390383514596452,
  "max_drawdown_pct": -22.206128920935463,
  "cagr_pct": -21.714490329101654,
  "period_start": 