{
  "label": "RSI + TMA(RSI) + EMA TREND",
  "n_trades": 33,
  "initial_capital": 10000.0,
  "final_capital": 9673.552774773972,
  "gross_profit_usd": 141.07273340658378,
  "fee_total_usd": 467.5199586326113,
  "fee_total_pct": 4.675199586326113,
  "slippage_total_usd": 0.0,
  "net_profit_usd": -326.4472252260275,
  "net_return_pct": -3.2644722522602754,
  "winrate_pct": 24.242424242424242,
  "profit_factor": 0.8372110592199188,
  "avg_pnl": -9.892340158364494,
  "avg_ret_pct": -0.0906487394762976,
  "avg_winner_usd": 209.8616357944938,
  "avg_loser_usd": -80.21361246327915,
  "expectancy_usd": -9.89234015836449,
  "median_ret_pct": -0.6367671641791084,
  "longest_losing_streak": 10,
  "exposure_pct": 3.514596451058958,
  "max_drawdown_pct": -10.489215463017402,
  "cagr_pct": -3.27366070792271,
  "period_start": 