{
  "label": "RSI + TMA(RSI) + EMA TREND",
  "n_trades": 69,
  "initial_capital": 10000.0,
  "final_capital": 11162.946272952018,
  "gross_profit_usd": 2201.3073785241068,
  "fee_total_usd": 1038.3611055720883,
  "fee_total_pct": 10.383611055720882,
  "slippage_total_usd": 0.0,
  "net_profit_usd": 1162.9462729520183,
  "net_return_pct": 11.62946272952019,
  "winrate_pct": 42.028985507246375,
  "profit_factor": 1.347780227250703,
  "avg_pnl": 16.85429381089891,
  "avg_ret_pct": 0.16828038117816732,
  "avg_winner_usd": 155.40888590419425,
  "avg_loser_usd": -83.59778545674021,
  "expectancy_usd": 16.854293810898902,
  "median_ret_pct": -0.30849581519029057,
  "longest_losing_streak": 8,
  "exposure_pct": 4.120928558574771,
  "max_drawdown_pct": -4.0783499155012075,
  "cagr_pct": 12.256644305431742,
  "period_start": 