{
  "label": "RSI + TMA(RSI) + EMA TREND",
  "n_trades": 14,
  "initial_capital": 10000.0,
  "final_capital": 11697.03024862322,
  "gross_profit_usd": 1914.125605460031,
  "fee_total_usd": 217.0953568368116,
  "fee_total_pct": 2.170953568368116,
  "slippage_total_usd": 0.0,
  "net_profit_usd": 1697.0302486232194,
  "net_return_pct": 16.970302486232193,
  "winrate_pct": 50.0,
  "profit_factor": 4.410954140996918,
  "avg_pnl": 121.2164463302299,
  "avg_ret_pct": 1.1493151404307869,
  "avg_winner_usd": 313.5076953810862,
  "avg_loser_usd": -71.07480272062644,
  "expectancy_usd": 121.21644633022987,
  "median_ret_pct": -0.2729697368287487,
  "longest_losing_streak": 3,
  "exposure_pct": 4.520037278657969,
  "max_drawdown_pct": -1.9006156849699598,
  "cagr_pct": 17.346836222933447,
  "period_start": 